{"columns":[0,1],"index":[0,1],"data":[["Bob",0.5986672044],["Adam",0.7414217591]]}